target,age,fare,family_size,embarked,sex,title,is_alone,survived
target_1,0.08875038134336756,0.22501960471803908,0.04748677223543423,0.05698079268073472,0.011480576866688746,0.017160098976497774,0.01497796251968153,0.051540677271279534
target_2,0.058004798923312915,0.20369403795871666,0.051723629720074146,0.04838674864682446,0.01117837713882094,0.014420635210372632,0.013765164883771516,0.027411766157366572
target_3,0.0986070967525066,0.29357586263739116,0.05914963429624606,0.04513729129045398,0.01677559405149229,0.025681652876218458,0.016455202781570463,0.06407704962673466
