age,fare,family_size,embarked,sex,title,is_alone,survived
0.029178671481627828,0.08586891171756629,0.01823560919162555,0.01624473563735975,0.004761377279971012,0.007063926886780911,0.005173197286356884,0.017729327310247234
