age,fare,family_size,embarked,sex,pclass,title,is_alone
0.04215577993360635,0.04026711452537483,0.029163773925601048,0.025695489330161178,0.05809387416071707,0.03715074616118767,0.058118910738626794,0.01173419064310879
