target,age,fare,family_size,embarked,sex,pclass,title,is_alone
target_0,0.0843115598672127,0.08053422905074965,0.058327547851202095,0.05139097866032237,0.11618774832143414,0.07430149232237536,0.1162378214772536,0.023468381286217584
target_1,0.0843115598672127,0.08053422905074965,0.058327547851202095,0.051390978660322356,0.11618774832143414,0.07430149232237535,0.1162378214772536,0.023468381286217584
