target,age,fare,family_size,embarked,sex,pclass,title,is_alone
no_survivor,0.057695592731189904,0.05750725446781681,0.036693010999274994,0.02779440857676884,0.06891243915077473,0.0409079907891786,0.06965438095852752,0.015930415069019946
survivor,0.09612015245236934,0.09580638320707568,0.06113010793769238,0.04630514504235628,0.11480728151799133,0.06815221276079045,0.11604334750320881,0.026539876835964028
