feature_name,feature_importance,feature_weight
title,0.04352733661121125,5
sex,0.043063693831423784,5
age,0.03605423594661065,4
fare,0.035936542516939764,4
pclass,0.025563587827003895,3
family_size,0.022929627958294077,2
embarked,0.01736885119617794,2
is_alone,0.009954988179112549,1
